{"stats":{"minecraft:crafted":{"minecraft:wooden_sword":1,"minecraft:crafting_table":1,"minecraft:stick":8,"minecraft:wooden_pickaxe":1,"minecraft:stone_pickaxe":1,"minecraft:birch_planks":188,"minecraft:stone_axe":1},"minecraft:killed":{"minecraft:sheep":1,"minecraft:zombie":1,"minecraft:pig":1,"minecraft:chicken":1,"minecraft:cow":2},"minecraft:picked_up":{"minecraft:birch_log":47,"minecraft:stick":8,"minecraft:crafting_table":2,"minecraft:feather":2,"minecraft:chicken":1,"minecraft:leather":3,"minecraft:birch_planks":28,"minecraft:porkchop":2,"minecraft:dirt":132,"minecraft:apple":2,"minecraft:wheat_seeds":1,"minecraft:beef":6,"minecraft:birch_sapling":21,"minecraft:mutton":2,"minecraft:white_wool":1,"minecraft:cobblestone":68},"minecraft:custom":{"minecraft:time_since_rest":38004,"minecraft:sprint_one_cm":62079,"minecraft:damage_taken":291,"minecraft:walk_one_cm":90011,"minecraft:mob_kills":6,"minecraft:damage_dealt":452,"minecraft:interact_with_crafting_table":8,"minecraft:fly_one_cm":13930,"minecraft:crouch_one_cm":906,"minecraft:play_time":38004,"minecraft:sneak_time":373,"minecraft:jump":247,"minecraft:leave_game":3,"minecraft:time_since_death":38004,"minecraft:total_world_time":38004,"minecraft:fall_one_cm":5486},"minecraft:used":{"minecraft:apple":2,"minecraft:birch_planks":174,"minecraft:stone_pickaxe":51,"minecraft:wooden_pickaxe":18,"minecraft:stone_axe":42,"minecraft:wooden_sword":22,"minecraft:dirt":117,"minecraft:beef":6,"minecraft:crafting_table":3},"minecraft:mined":{"minecraft:birch_sapling":4,"minecraft:birch_planks":29,"minecraft:birch_log":12,"minecraft:birch_leaves":11,"minecraft:crafting_table":2,"minecraft:short_grass":2,"minecraft:grass_block":98,"minecraft:dirt":35,"minecraft:stone":68}},"DataVersion":3953}