{"stats":{"minecraft:crafted":{"minecraft:charcoal":6,"minecraft:crafting_table":1,"minecraft:stick":8,"minecraft:wooden_pickaxe":1,"minecraft:stone_pickaxe":2,"minecraft:furnace":1,"minecraft:torch":4,"minecraft:birch_planks":80,"minecraft:stone_axe":1},"minecraft:killed":{"minecraft:sheep":2,"minecraft:pig":1},"minecraft:picked_up":{"minecraft:birch_log":34,"minecraft:charcoal":1,"minecraft:stick":1,"minecraft:crafting_table":3,"minecraft:cooked_beef":10,"minecraft:brown_wool":2,"minecraft:torch":4,"minecraft:dripstone_block":2,"minecraft:porkchop":2,"minecraft:pointed_dripstone":1,"minecraft:dirt":13,"minecraft:peony":8,"minecraft:sugar_cane":18,"minecraft:mutton":4,"minecraft:birch_sapling":7,"minecraft:coal":39,"minecraft:white_wool":1,"minecraft:cobblestone":127,"minecraft:furnace":1},"minecraft:killed_by":{"minecraft:skeleton":1},"minecraft:custom":{"minecraft:time_since_rest":3244,"minecraft:interact_with_furnace":2,"minecraft:sprint_one_cm":65990,"minecraft:damage_taken":1165,"minecraft:walk_one_cm":52422,"minecraft:mob_kills":3,"minecraft:damage_dealt":279,"minecraft:swim_one_cm":42778,"minecraft:fly_one_cm":29217,"minecraft:interact_with_crafting_table":9,"minecraft:crouch_one_cm":2,"minecraft:play_time":43490,"minecraft:deaths":4,"minecraft:sneak_time":200,"minecraft:walk_under_water_one_cm":5493,"minecraft:jump":290,"minecraft:leave_game":3,"minecraft:walk_on_water_one_cm":5980,"minecraft:time_since_death":3165,"minecraft:total_world_time":43490,"minecraft:fall_one_cm":17335},"minecraft:broken":{"minecraft:stone_pickaxe":1},"minecraft:mined":{"minecraft:furnace":1,"minecraft:birch_log":34,"minecraft:birch_leaves":11,"minecraft:crafting_table":3,"minecraft:peony":8,"minecraft:short_grass":2,"minecraft:coal_ore":39,"minecraft:grass_block":5,"minecraft:dripstone_block":1,"minecraft:dirt":8,"minecraft:cobblestone":1,"minecraft:stone":106,"minecraft:sugar_cane":3,"minecraft:wall_torch":2},"minecraft:used":{"minecraft:peony":5,"minecraft:stone_pickaxe":161,"minecraft:birch_sapling":6,"minecraft:wooden_pickaxe":34,"minecraft:stone_axe":1,"minecraft:torch":4,"minecraft:dirt":1,"minecraft:cobblestone":5,"minecraft:crafting_table":3,"minecraft:furnace":1,"minecraft:cooked_beef":2}},"DataVersion":3953}