{"stats":{"minecraft:picked_up":{"minecraft:egg":1},"minecraft:used":{"minecraft:egg":1},"minecraft:mined":{"minecraft:short_grass":1},"minecraft:custom":{"minecraft:jump":78,"minecraft:time_since_rest":4778,"minecraft:crouch_one_cm":10,"minecraft:leave_game":1,"minecraft:sprint_one_cm":30448,"minecraft:play_time":4778,"minecraft:time_since_death":4778,"minecraft:walk_one_cm":6657,"minecraft:sneak_time":10,"minecraft:total_world_time":4778,"minecraft:fall_one_cm":2063,"minecraft:fly_one_cm":11734}},"DataVersion":3953}