{"stats":{"minecraft:crafted":{"minecraft:golden_carrot":15,"minecraft:smooth_stone":5,"minecraft:polished_deepslate_stairs":21,"minecraft:furnace":2,"minecraft:blast_furnace":1,"minecraft:stone":5,"minecraft:spruce_fence":6,"minecraft:cooked_mutton":8,"minecraft:flint_and_steel":1,"minecraft:iron_boots":1,"minecraft:spruce_slab":6,"minecraft:iron_hoe":1,"minecraft:stone_pickaxe":3,"minecraft:chest":2,"minecraft:spruce_boat":1,"minecraft:wheat":135,"minecraft:minecart":1,"minecraft:smoker":1,"minecraft:cooked_beef":11,"minecraft:cooked_porkchop":13,"minecraft:diamond_axe":1,"minecraft:crafting_table":1,"minecraft:spruce_planks":132,"minecraft:wooden_pickaxe":1,"minecraft:iron_helmet":1,"minecraft:iron_sword":1,"minecraft:birch_planks":48,"minecraft:bucket":1,"minecraft:stone_axe":1,"minecraft:bread":45,"minecraft:air":0,"minecraft:spruce_trapdoor":2,"minecraft:iron_chestplate":1,"minecraft:diamond_pickaxe":2,"minecraft:charcoal":17,"minecraft:gold_nugget":126,"minecraft:shield":2,"minecraft:stick":64,"minecraft:iron_ingot":142,"minecraft:iron_pickaxe":1,"minecraft:stone_sword":1,"minecraft:gold_ingot":52,"minecraft:iron_shovel":2,"minecraft:iron_leggings":1,"minecraft:white_bed":1,"minecraft:spruce_fence_gate":1,"minecraft:torch":120},"minecraft:picked_up":{"minecraft:charcoal":12,"minecraft:crafting_table":13,"minecraft:ominous_bottle":2,"minecraft:smithing_table":2,"minecraft:lead":2,"minecraft:gold_block":1,"minecraft:brewing_stand":2,"minecraft:polished_deepslate":17,"minecraft:string":14,"minecraft:flint_and_steel":1,"minecraft:beetroot":2,"minecraft:cobbled_deepslate":531,"minecraft:bucket":1,"minecraft:spruce_planks":1,"minecraft:beef":24,"minecraft:poppy":4,"minecraft:spruce_slab":3,"minecraft:minecart":3,"minecraft:birch_sapling":17,"minecraft:sugar_cane":23,"minecraft:chest":4,"minecraft:spruce_trapdoor":1,"minecraft:furnace":13,"minecraft:stick":18,"minecraft:raw_iron":143,"minecraft:polished_deepslate_slab":1,"minecraft:composter":8,"minecraft:polished_deepslate_stairs":8,"minecraft:torch":41,"minecraft:spruce_fence":1,"minecraft:porkchop":60,"minecraft:cherry_log":21,"minecraft:carrot":100,"minecraft:redstone":4,"minecraft:cauldron":8,"minecraft:stone_sword":1,"minecraft:arrow":12,"minecraft:rotten_flesh":31,"minecraft:beetroot_seeds":3,"minecraft:peony":2,"minecraft:hay_block":47,"minecraft:tuff_bricks":10,"minecraft:mutton":32,"minecraft:obsidian":10,"minecraft:rail":109,"minecraft:white_wool":27,"minecraft:cobblestone":332,"minecraft:birch_log":127,"minecraft:pink_petals":2,"minecraft:birch_leaves":4,"minecraft:cooked_beef":35,"minecraft:glow_ink_sac":19,"minecraft:andesite":7,"minecraft:leather":21,"minecraft:smoker":6,"minecraft:potato":37,"minecraft:birch_planks":8,"minecraft:flint":2,"minecraft:tuff":2,"minecraft:oak_log":6,"minecraft:waxed_copper_block":5,"minecraft:golden_boots":1,"minecraft:yellow_bed":2,"minecraft:gunpowder":3,"minecraft:lapis_lazuli":101,"minecraft:dirt":377,"minecraft:white_banner":3,"minecraft:cooked_mutton":5,"minecraft:bone":20,"minecraft:apple":1,"minecraft:stonecutter":1,"minecraft:wheat_seeds":31,"minecraft:raw_gold":52,"minecraft:iron_ingot":1,"minecraft:grindstone":6,"minecraft:stone_pickaxe":1,"minecraft:cooked_porkchop":7,"minecraft:dandelion":15,"minecraft:sand":71,"minecraft:gravel":7,"minecraft:blast_furnace":11,"minecraft:white_bed":11,"minecraft:spruce_log":115,"minecraft:crying_obsidian":2,"minecraft:spider_eye":4,"minecraft:crossbow":1,"minecraft:diamond":79,"minecraft:spruce_boat":2,"minecraft:stone_axe":1,"minecraft:granite":2,"minecraft:diamond_axe":1,"minecraft:golden_apple":1,"minecraft:dark_oak_fence":13,"minecraft:oak_sapling":4,"minecraft:black_wool":2,"minecraft:coal":220},"minecraft:broken":{"minecraft:iron_shovel":1,"minecraft:shield":1},"minecraft:killed":{"minecraft:cave_spider":2,"minecraft:witch":1,"minecraft:spider":9,"minecraft:skeleton":16,"minecraft:zombie_villager":2,"minecraft:pig":32,"minecraft:creeper":2,"minecraft:sheep":27,"minecraft:trader_llama":2,"minecraft:pillager":10,"minecraft:zombie":31,"minecraft:cow":26},"minecraft:dropped":{"minecraft:golden_boots":1,"minecraft:birch_leaves":4,"minecraft:wheat_seeds":11,"minecraft:diamond_axe":1,"minecraft:cooked_beef":6,"minecraft:leather":2,"minecraft:apple":1,"minecraft:stick":6,"minecraft:dirt":2,"minecraft:torch":6,"minecraft:mutton":1,"minecraft:smooth_stone":2,"minecraft:bucket":1,"minecraft:birch_log":26,"minecraft:dandelion":3,"minecraft:white_wool":2,"minecraft:gravel":6,"minecraft:stone_axe":1,"minecraft:tuff":2,"minecraft:birch_sapling":8,"minecraft:beetroot":1,"minecraft:rotten_flesh":7,"minecraft:polished_deepslate_stairs":1,"minecraft:flint_and_steel":1,"minecraft:poppy":2,"minecraft:beetroot_seeds":1,"minecraft:oak_sapling":4,"minecraft:leather_leggings":1,"minecraft:spider_eye":2,"minecraft:arrow":4,"minecraft:wooden_pickaxe":1,"minecraft:black_wool":2},"minecraft:custom":{"minecraft:mob_kills":163,"minecraft:interact_with_crafting_table":35,"minecraft:leave_game":13,"minecraft:time_since_death":167733,"minecraft:climb_one_cm":1296,"minecraft:sprint_one_cm":695868,"minecraft:walk_one_cm":1040729,"minecraft:damage_blocked_by_shield":6081,"minecraft:drop":65,"minecraft:talked_to_villager":82,"minecraft:play_time":387204,"minecraft:deaths":3,"minecraft:sneak_time":10795,"minecraft:walk_under_water_one_cm":40999,"minecraft:boat_one_cm":59798,"minecraft:jump":5915,"minecraft:interact_with_blast_furnace":16,"minecraft:walk_on_water_one_cm":93265,"minecraft:total_world_time":387204,"minecraft:interact_with_furnace":29,"minecraft:interact_with_stonecutter":7,"minecraft:sleep_in_bed":10,"minecraft:time_since_rest":65720,"minecraft:damage_taken":6175,"minecraft:damage_dealt":21600,"minecraft:swim_one_cm":47282,"minecraft:fly_one_cm":949533,"minecraft:open_chest":48,"minecraft:crouch_one_cm":33013,"minecraft:interact_with_smoker":20,"minecraft:fall_one_cm":140354},"minecraft:used":{"minecraft:peony":2,"minecraft:tuff_bricks":10,"minecraft:stone_sword":79,"minecraft:flint_and_steel":40,"minecraft:iron_shovel":390,"minecraft:polished_deepslate":29,"minecraft:spruce_slab":9,"minecraft:poppy":1,"minecraft:chest":4,"minecraft:shield":76,"minecraft:spruce_planks":1,"minecraft:iron_sword":48,"minecraft:iron_chestplate":1,"minecraft:torch":159,"minecraft:brewing_stand":1,"minecraft:dirt":306,"minecraft:carrot":85,"minecraft:spruce_fence":7,"minecraft:obsidian":2,"minecraft:polished_deepslate_stairs":44,"minecraft:spruce_boat":2,"minecraft:iron_hoe":198,"minecraft:lava_bucket":1,"minecraft:birch_sapling":8,"minecraft:iron_helmet":1,"minecraft:iron_boots":1,"minecraft:golden_carrot":9,"minecraft:furnace":8,"minecraft:beetroot_seeds":1,"minecraft:minecart":3,"minecraft:cooked_beef":45,"minecraft:potato":37,"minecraft:cobbled_deepslate":508,"minecraft:iron_leggings":1,"minecraft:wheat_seeds":12,"minecraft:cooked_mutton":11,"minecraft:water_bucket":100,"minecraft:stone_pickaxe":135,"minecraft:composter":6,"minecraft:wooden_pickaxe":16,"minecraft:stonecutter":1,"minecraft:cauldron":4,"minecraft:spruce_fence_gate":1,"minecraft:diamond_axe":412,"minecraft:white_wool":2,"minecraft:golden_apple":1,"minecraft:polished_deepslate_slab":15,"minecraft:rail":94,"minecraft:crafting_table":13,"minecraft:blast_furnace":12,"minecraft:crossbow":1,"minecraft:white_bed":11,"minecraft:smoker":6,"minecraft:spruce_log":75,"minecraft:diamond_pickaxe":1158,"minecraft:iron_pickaxe":139,"minecraft:spruce_trapdoor":3,"minecraft:stone_axe":36,"minecraft:cobblestone":44,"minecraft:grindstone":5,"minecraft:porkchop":2,"minecraft:white_banner":2,"minecraft:cooked_porkchop":14,"minecraft:smithing_table":1,"minecraft:bucket":101,"minecraft:birch_log":22,"minecraft:yellow_bed":2,"minecraft:dandelion":8},"minecraft:mined":{"minecraft:crying_obsidian":2,"minecraft:tuff":2,"minecraft:spruce_planks":1,"minecraft:white_bed":10,"minecraft:deepslate_diamond_ore":89,"minecraft:cherry_log":21,"minecraft:brewing_stand":2,"minecraft:obsidian":10,"minecraft:glow_lichen":2,"minecraft:spruce_trapdoor":1,"minecraft:granite":2,"minecraft:dark_oak_fence":13,"minecraft:grass_block":199,"minecraft:spruce_fence":1,"minecraft:spruce_leaves":2,"minecraft:chiseled_tuff_bricks":1,"minecraft:composter":8,"minecraft:tuff_bricks":10,"minecraft:spawner":1,"minecraft:large_fern":2,"minecraft:hay_block":47,"minecraft:carrots":32,"minecraft:furnace":10,"minecraft:cobbled_deepslate":138,"minecraft:iron_ore":49,"minecraft:fire":57,"minecraft:andesite":7,"minecraft:deepslate_lapis_ore":16,"minecraft:gold_block":1,"minecraft:peony":2,"minecraft:big_dripleaf_stem":1,"minecraft:polished_deepslate":17,"minecraft:water_cauldron":5,"minecraft:potatoes":12,"minecraft:deepslate_iron_ore":94,"minecraft:polished_deepslate_slab":1,"minecraft:rail":92,"minecraft:stone":326,"minecraft:spruce_slab":3,"minecraft:smithing_table":2,"minecraft:lily_of_the_valley":1,"minecraft:polished_deepslate_stairs":8,"minecraft:smoker":5,"minecraft:dandelion":12,"minecraft:powder_snow":4,"minecraft:crafting_table":12,"minecraft:torch":13,"minecraft:short_grass":118,"minecraft:blast_furnace":11,"minecraft:poppy":2,"minecraft:chest":2,"minecraft:cobblestone":6,"minecraft:tall_grass":50,"minecraft:deepslate_gold_ore":55,"minecraft:grindstone":6,"minecraft:sugar_cane":13,"minecraft:wall_torch":16,"minecraft:cauldron":3,"minecraft:pink_petals":1,"minecraft:birch_sapling":1,"minecraft:seagrass":1,"minecraft:birch_log":45,"minecraft:wheat":1,"minecraft:ice":1,"minecraft:spruce_log":76,"minecraft:birch_leaves":16,"minecraft:waxed_copper_block":5,"minecraft:white_wall_banner":1,"minecraft:yellow_bed":2,"minecraft:coal_ore":103,"minecraft:oak_log":6,"minecraft:sand":56,"minecraft:beetroots":1,"minecraft:waxed_oxidized_copper":1,"minecraft:gravel":8,"minecraft:dirt":177,"minecraft:cobweb":7,"minecraft:stonecutter":1,"minecraft:oak_leaves":4,"minecraft:deepslate":348}},"DataVersion":3953}