{"stats":{"minecraft:custom":{"minecraft:interact_with_crafting_table":54,"minecraft:leave_game":16,"minecraft:time_since_death":268234,"minecraft:sprint_one_cm":852341,"minecraft:damage_blocked_by_shield":6396,"minecraft:drop":137,"minecraft:talked_to_villager":305,"minecraft:play_time":487705,"minecraft:deaths":3,"minecraft:jump":7201,"minecraft:walk_on_water_one_cm":109603,"minecraft:interact_with_furnace":36,"minecraft:traded_with_villager":13,"minecraft:sleep_in_bed":17,"minecraft:damage_dealt":25224,"minecraft:crouch_one_cm":40570,"minecraft:interact_with_smoker":29,"minecraft:horse_one_cm":561594,"minecraft:mob_kills":184,"minecraft:climb_one_cm":1296,"minecraft:walk_one_cm":1378361,"minecraft:sneak_time":13046,"minecraft:walk_under_water_one_cm":43003,"minecraft:boat_one_cm":59798,"minecraft:interact_with_blast_furnace":25,"minecraft:total_world_time":487705,"minecraft:interact_with_stonecutter":8,"minecraft:time_since_rest":13716,"minecraft:damage_taken":6840,"minecraft:swim_one_cm":47282,"minecraft:fly_one_cm":1232772,"minecraft:open_chest":122,"minecraft:fall_one_cm":167644},"minecraft:used":{"minecraft:peony":2,"minecraft:tuff_bricks":10,"minecraft:iron_shovel":506,"minecraft:polished_deepslate":29,"minecraft:spruce_slab":9,"minecraft:poppy":1,"minecraft:shield":82,"minecraft:chest":12,"minecraft:iron_sword":85,"minecraft:iron_chestplate":1,"minecraft:carrot":168,"minecraft:obsidian":2,"minecraft:polished_deepslate_stairs":58,"minecraft:spruce_boat":3,"minecraft:lava_bucket":10,"minecraft:birch_sapling":8,"minecraft:iron_helmet":1,"minecraft:furnace":10,"minecraft:beetroot_seeds":1,"minecraft:potato":100,"minecraft:stone_pickaxe":135,"minecraft:wooden_pickaxe":16,"minecraft:composter":6,"minecraft:diamond_axe":467,"minecraft:sugar_cane":33,"minecraft:white_wool":2,"minecraft:golden_apple":1,"minecraft:blast_furnace":15,"minecraft:crossbow":1,"minecraft:lectern":26,"minecraft:gravel":5,"minecraft:grindstone":5,"minecraft:smithing_table":1,"minecraft:birch_log":22,"minecraft:enchanting_table":1,"minecraft:stone_sword":79,"minecraft:flint_and_steel":40,"minecraft:spruce_planks":58,"minecraft:torch":189,"minecraft:brewing_stand":1,"minecraft:dirt":512,"minecraft:spruce_fence":7,"minecraft:iron_hoe":228,"minecraft:iron_boots":1,"minecraft:golden_carrot":15,"minecraft:minecart":3,"minecraft:cooked_beef":51,"minecraft:cobbled_deepslate":508,"minecraft:iron_leggings":1,"minecraft:wheat_seeds":12,"minecraft:cooked_mutton":11,"minecraft:water_bucket":109,"minecraft:cobblestone_stairs":2,"minecraft:cauldron":4,"minecraft:spruce_sign":3,"minecraft:fletching_table":2,"minecraft:stonecutter":3,"minecraft:cobblestone_slab":2,"minecraft:spruce_fence_gate":1,"minecraft:polished_deepslate_slab":15,"minecraft:rail":94,"minecraft:crafting_table":13,"minecraft:white_bed":11,"minecraft:spruce_log":87,"minecraft:smoker":13,"minecraft:diamond_pickaxe":1215,"minecraft:diamond_shovel":54,"minecraft:iron_pickaxe":139,"minecraft:spruce_trapdoor":3,"minecraft:spruce_sapling":1,"minecraft:stone_axe":36,"minecraft:pink_petals":2,"minecraft:cobblestone":113,"minecraft:cooked_porkchop":14,"minecraft:white_banner":3,"minecraft:porkchop":2,"minecraft:bucket":119,"minecraft:glass_pane":12,"minecraft:yellow_bed":2,"minecraft:dandelion":8},"minecraft:dropped":{"minecraft:diamond_axe":1,"minecraft:cooked_beef":6,"minecraft:leather":2,"minecraft:dirt":60,"minecraft:dark_oak_fence":13,"minecraft:mutton":1,"minecraft:birch_log":26,"minecraft:white_wool":2,"minecraft:gravel":6,"minecraft:stone_axe":1,"minecraft:birch_sapling":8,"minecraft:beetroot":1,"minecraft:rotten_flesh":13,"minecraft:carrot":20,"minecraft:poppy":2,"minecraft:beetroot_seeds":1,"minecraft:leather_leggings":1,"minecraft:arrow":6,"minecraft:golden_boots":1,"minecraft:wheat_seeds":14,"minecraft:birch_leaves":4,"minecraft:apple":1,"minecraft:stick":6,"minecraft:torch":6,"minecraft:smooth_stone":2,"minecraft:bucket":1,"minecraft:dandelion":3,"minecraft:tuff":2,"minecraft:smoker":1,"minecraft:polished_deepslate_stairs":1,"minecraft:flint_and_steel":1,"minecraft:oak_sapling":4,"minecraft:spider_eye":2,"minecraft:wooden_pickaxe":1,"minecraft:black_wool":2},"minecraft:picked_up":{"minecraft:wheat":13,"minecraft:smithing_table":2,"minecraft:lead":4,"minecraft:brewing_stand":2,"minecraft:polished_deepslate":17,"minecraft:string":17,"minecraft:beetroot":6,"minecraft:cobbled_deepslate":531,"minecraft:bucket":1,"minecraft:spruce_planks":2,"minecraft:furnace":13,"minecraft:stick":29,"minecraft:composter":8,"minecraft:polished_deepslate_stairs":22,"minecraft:torch":43,"minecraft:porkchop":60,"minecraft:cherry_log":21,"minecraft:cauldron":8,"minecraft:stone_sword":1,"minecraft:rotten_flesh":48,"minecraft:obsidian":10,"minecraft:cobblestone":361,"minecraft:birch_log":150,"minecraft:pink_petals":2,"minecraft:cooked_beef":35,"minecraft:andesite":7,"minecraft:smoker":14,"minecraft:potato":218,"minecraft:flint":3,"minecraft:tuff":2,"minecraft:dirt":629,"minecraft:lapis_lazuli":101,"minecraft:bone":21,"minecraft:stonecutter":3,"minecraft:wheat_seeds":75,"minecraft:raw_gold":52,"minecraft:grindstone":6,"minecraft:fletching_table":1,"minecraft:cooked_porkchop":7,"minecraft:poisonous_potato":1,"minecraft:sand":89,"minecraft:diamond":79,"minecraft:spruce_boat":3,"minecraft:crossbow":1,"minecraft:granite":2,"minecraft:golden_apple":1,"minecraft:oak_sapling":4,"minecraft:dark_oak_fence":26,"minecraft:charcoal":12,"minecraft:crafting_table":13,"minecraft:ominous_bottle":2,"minecraft:gold_block":1,"minecraft:flint_and_steel":1,"minecraft:beef":24,"minecraft:poppy":4,"minecraft:lectern":25,"minecraft:spruce_slab":3,"minecraft:minecart":3,"minecraft:sugar_cane":82,"minecraft:chest":6,"minecraft:birch_sapling":24,"minecraft:spruce_trapdoor":1,"minecraft:raw_iron":143,"minecraft:polished_deepslate_slab":1,"minecraft:spruce_fence":1,"minecraft:carrot":263,"minecraft:redstone":4,"minecraft:arrow":15,"minecraft:beetroot_seeds":11,"minecraft:peony":2,"minecraft:hay_block":47,"minecraft:tuff_bricks":10,"minecraft:mutton":32,"minecraft:white_wool":27,"minecraft:rail":109,"minecraft:birch_leaves":4,"minecraft:glow_ink_sac":19,"minecraft:leather":21,"minecraft:birch_planks":8,"minecraft:oak_log":12,"minecraft:waxed_copper_block":5,"minecraft:yellow_bed":3,"minecraft:golden_boots":1,"minecraft:gunpowder":5,"minecraft:white_banner":4,"minecraft:cooked_mutton":5,"minecraft:apple":1,"minecraft:iron_ingot":2,"minecraft:stone_pickaxe":1,"minecraft:dandelion":18,"minecraft:gravel":11,"minecraft:spruce_sapling":1,"minecraft:blast_furnace":14,"minecraft:white_bed":11,"minecraft:spruce_log":313,"minecraft:crying_obsidian":2,"minecraft:spider_eye":5,"minecraft:stone_axe":1,"minecraft:diamond_axe":1,"minecraft:black_wool":2,"minecraft:coal":294},"minecraft:killed":{"minecraft:cave_spider":2,"minecraft:witch":1,"minecraft:spider":12,"minecraft:skeleton":18,"minecraft:pig":32,"minecraft:zombie_villager":2,"minecraft:creeper":4,"minecraft:sheep":27,"minecraft:trader_llama":2,"minecraft:pillager":11,"minecraft:zombie":44,"minecraft:cow":26},"minecraft:broken":{"minecraft:iron_shovel":2,"minecraft:shield":1},"minecraft:mined":{"minecraft:spruce_planks":2,"minecraft:white_bed":10,"minecraft:farmland":15,"minecraft:cherry_log":21,"minecraft:brewing_stand":2,"minecraft:obsidian":10,"minecraft:spruce_trapdoor":1,"minecraft:granite":2,"minecraft:grass_block":316,"minecraft:chiseled_tuff_bricks":1,"minecraft:composter":8,"minecraft:tuff_bricks":10,"minecraft:spawner":1,"minecraft:fire":57,"minecraft:iron_ore":49,"minecraft:cobbled_deepslate":138,"minecraft:fletching_table":1,"minecraft:deepslate_lapis_ore":16,"minecraft:polished_deepslate_slab":1,"minecraft:water_cauldron":5,"minecraft:spruce_slab":3,"minecraft:polished_deepslate_stairs":22,"minecraft:smoker":12,"minecraft:powder_snow":4,"minecraft:torch":13,"minecraft:blast_furnace":14,"minecraft:poppy":2,"minecraft:chest":4,"minecraft:cobblestone":35,"minecraft:grindstone":6,"minecraft:sugar_cane":63,"minecraft:wall_torch":18,"minecraft:cauldron":3,"minecraft:birch_sapling":1,"minecraft:pink_petals":1,"minecraft:seagrass":1,"minecraft:wheat":14,"minecraft:birch_log":45,"minecraft:waxed_copper_block":5,"minecraft:oak_log":6,"minecraft:beetroots":5,"minecraft:waxed_oxidized_copper":1,"minecraft:sand":73,"minecraft:dirt":224,"minecraft:stonecutter":3,"minecraft:oak_leaves":6,"minecraft:deepslate":348,"minecraft:crying_obsidian":2,"minecraft:tuff":2,"minecraft:deepslate_diamond_ore":89,"minecraft:glow_lichen":2,"minecraft:dark_oak_fence":13,"minecraft:spruce_fence":1,"minecraft:spruce_leaves":2,"minecraft:large_fern":2,"minecraft:hay_block":47,"minecraft:furnace":10,"minecraft:carrots":72,"minecraft:andesite":7,"minecraft:gold_block":1,"minecraft:peony":2,"minecraft:big_dripleaf_stem":1,"minecraft:polished_deepslate":17,"minecraft:potatoes":60,"minecraft:deepslate_iron_ore":94,"minecraft:rail":92,"minecraft:stone":326,"minecraft:smithing_table":2,"minecraft:lily_of_the_valley":1,"minecraft:dandelion":15,"minecraft:crafting_table":12,"minecraft:short_grass":164,"minecraft:lectern":25,"minecraft:tall_grass":57,"minecraft:deepslate_gold_ore":55,"minecraft:ice":1,"minecraft:spruce_log":76,"minecraft:birch_leaves":17,"minecraft:yellow_bed":3,"minecraft:white_wall_banner":1,"minecraft:coal_ore":103,"minecraft:gravel":13,"minecraft:cobweb":7},"minecraft:crafted":{"minecraft:smooth_stone":5,"minecraft:oak_planks":48,"minecraft:cobblestone_slab":2,"minecraft:cherry_slab":12,"minecraft:cobblestone_stairs":2,"minecraft:stone":5,"minecraft:diamond_shovel":1,"minecraft:bookshelf":1,"minecraft:cooked_mutton":31,"minecraft:glass":32,"minecraft:iron_boots":1,"minecraft:chest":8,"minecraft:smoker":1,"minecraft:emerald":12,"minecraft:cooked_porkchop":55,"minecraft:diamond_axe":1,"minecraft:crafting_table":1,"minecraft:spruce_planks":324,"minecraft:wooden_pickaxe":1,"minecraft:iron_helmet":1,"minecraft:fletching_table":1,"minecraft:birch_planks":48,"minecraft:spruce_trapdoor":2,"minecraft:lectern":1,"minecraft:iron_chestplate":1,"minecraft:book":5,"minecraft:paper":15,"minecraft:diamond_pickaxe":2,"minecraft:charcoal":17,"minecraft:shield":2,"minecraft:stick":448,"minecraft:iron_ingot":142,"minecraft:iron_pickaxe":1,"minecraft:stone_sword":1,"minecraft:gold_ingot":61,"minecraft:spruce_fence_gate":1,"minecraft:golden_carrot":16,"minecraft:cherry_planks":16,"minecraft:polished_deepslate_stairs":21,"minecraft:furnace":2,"minecraft:blast_furnace":1,"minecraft:spruce_fence":6,"minecraft:glass_pane":16,"minecraft:flint_and_steel":1,"minecraft:iron_hoe":1,"minecraft:spruce_slab":6,"minecraft:stone_pickaxe":3,"minecraft:spruce_boat":1,"minecraft:minecart":1,"minecraft:wheat":135,"minecraft:cooked_beef":23,"minecraft:spruce_sign":3,"minecraft:enchanting_table":1,"minecraft:iron_sword":1,"minecraft:bucket":1,"minecraft:stone_axe":1,"minecraft:enchanted_book":1,"minecraft:bread":45,"minecraft:air":0,"minecraft:gold_nugget":135,"minecraft:iron_shovel":2,"minecraft:iron_leggings":1,"minecraft:white_bed":1,"minecraft:torch":156}},"DataVersion":3953}