{"stats":{"minecraft:custom":{"minecraft:interact_with_crafting_table":50,"minecraft:leave_game":16,"minecraft:time_since_death":226234,"minecraft:sprint_one_cm":772967,"minecraft:damage_blocked_by_shield":6171,"minecraft:drop":136,"minecraft:talked_to_villager":103,"minecraft:play_time":445705,"minecraft:deaths":3,"minecraft:jump":6602,"minecraft:walk_on_water_one_cm":109517,"minecraft:interact_with_furnace":36,"minecraft:sleep_in_bed":14,"minecraft:damage_dealt":22041,"minecraft:crouch_one_cm":35163,"minecraft:interact_with_smoker":26,"minecraft:horse_one_cm":561594,"minecraft:mob_kills":166,"minecraft:climb_one_cm":1296,"minecraft:walk_one_cm":1191066,"minecraft:sneak_time":11501,"minecraft:walk_under_water_one_cm":43003,"minecraft:boat_one_cm":59798,"minecraft:interact_with_blast_furnace":21,"minecraft:total_world_time":445705,"minecraft:interact_with_stonecutter":7,"minecraft:time_since_rest":5373,"minecraft:damage_taken":6355,"minecraft:swim_one_cm":47282,"minecraft:fly_one_cm":1107106,"minecraft:open_chest":106,"minecraft:fall_one_cm":155541},"minecraft:used":{"minecraft:peony":2,"minecraft:tuff_bricks":10,"minecraft:iron_shovel":450,"minecraft:polished_deepslate":29,"minecraft:spruce_slab":9,"minecraft:poppy":1,"minecraft:shield":78,"minecraft:chest":12,"minecraft:iron_sword":48,"minecraft:iron_chestplate":1,"minecraft:carrot":128,"minecraft:obsidian":2,"minecraft:polished_deepslate_stairs":58,"minecraft:spruce_boat":2,"minecraft:lava_bucket":1,"minecraft:birch_sapling":8,"minecraft:iron_helmet":1,"minecraft:furnace":10,"minecraft:beetroot_seeds":1,"minecraft:potato":68,"minecraft:stone_pickaxe":135,"minecraft:wooden_pickaxe":16,"minecraft:composter":6,"minecraft:diamond_axe":422,"minecraft:sugar_cane":33,"minecraft:white_wool":2,"minecraft:golden_apple":1,"minecraft:blast_furnace":12,"minecraft:crossbow":1,"minecraft:lectern":1,"minecraft:grindstone":5,"minecraft:smithing_table":1,"minecraft:birch_log":22,"minecraft:enchanting_table":1,"minecraft:stone_sword":79,"minecraft:flint_and_steel":40,"minecraft:spruce_planks":1,"minecraft:torch":160,"minecraft:brewing_stand":1,"minecraft:dirt":381,"minecraft:spruce_fence":7,"minecraft:iron_hoe":208,"minecraft:iron_boots":1,"minecraft:golden_carrot":14,"minecraft:minecart":3,"minecraft:cooked_beef":45,"minecraft:cobbled_deepslate":508,"minecraft:iron_leggings":1,"minecraft:wheat_seeds":12,"minecraft:cooked_mutton":11,"minecraft:water_bucket":107,"minecraft:cauldron":4,"minecraft:spruce_sign":3,"minecraft:stonecutter":2,"minecraft:spruce_fence_gate":1,"minecraft:polished_deepslate_slab":15,"minecraft:rail":94,"minecraft:crafting_table":13,"minecraft:white_bed":11,"minecraft:spruce_log":75,"minecraft:smoker":6,"minecraft:diamond_pickaxe":1179,"minecraft:iron_pickaxe":139,"minecraft:spruce_trapdoor":3,"minecraft:stone_axe":36,"minecraft:pink_petals":2,"minecraft:cobblestone":44,"minecraft:cooked_porkchop":14,"minecraft:white_banner":2,"minecraft:porkchop":2,"minecraft:bucket":108,"minecraft:glass_pane":12,"minecraft:yellow_bed":2,"minecraft:dandelion":8},"minecraft:dropped":{"minecraft:diamond_axe":1,"minecraft:cooked_beef":6,"minecraft:leather":2,"minecraft:dirt":60,"minecraft:dark_oak_fence":13,"minecraft:mutton":1,"minecraft:birch_log":26,"minecraft:white_wool":2,"minecraft:gravel":6,"minecraft:stone_axe":1,"minecraft:birch_sapling":8,"minecraft:beetroot":1,"minecraft:rotten_flesh":13,"minecraft:carrot":20,"minecraft:poppy":2,"minecraft:beetroot_seeds":1,"minecraft:leather_leggings":1,"minecraft:arrow":6,"minecraft:golden_boots":1,"minecraft:wheat_seeds":14,"minecraft:birch_leaves":4,"minecraft:apple":1,"minecraft:stick":6,"minecraft:torch":6,"minecraft:smooth_stone":2,"minecraft:bucket":1,"minecraft:dandelion":3,"minecraft:tuff":2,"minecraft:polished_deepslate_stairs":1,"minecraft:flint_and_steel":1,"minecraft:oak_sapling":4,"minecraft:spider_eye":2,"minecraft:wooden_pickaxe":1,"minecraft:black_wool":2},"minecraft:picked_up":{"minecraft:wheat":13,"minecraft:smithing_table":2,"minecraft:lead":2,"minecraft:brewing_stand":2,"minecraft:polished_deepslate":17,"minecraft:string":14,"minecraft:beetroot":6,"minecraft:cobbled_deepslate":531,"minecraft:bucket":1,"minecraft:spruce_planks":1,"minecraft:furnace":13,"minecraft:stick":18,"minecraft:composter":8,"minecraft:polished_deepslate_stairs":22,"minecraft:torch":43,"minecraft:porkchop":60,"minecraft:cherry_log":21,"minecraft:cauldron":8,"minecraft:stone_sword":1,"minecraft:rotten_flesh":38,"minecraft:obsidian":10,"minecraft:cobblestone":332,"minecraft:birch_log":127,"minecraft:pink_petals":2,"minecraft:cooked_beef":35,"minecraft:andesite":7,"minecraft:smoker":6,"minecraft:potato":125,"minecraft:flint":2,"minecraft:tuff":2,"minecraft:dirt":500,"minecraft:lapis_lazuli":101,"minecraft:bone":20,"minecraft:stonecutter":3,"minecraft:wheat_seeds":70,"minecraft:raw_gold":52,"minecraft:grindstone":6,"minecraft:cooked_porkchop":7,"minecraft:sand":89,"minecraft:diamond":79,"minecraft:spruce_boat":2,"minecraft:crossbow":1,"minecraft:granite":2,"minecraft:golden_apple":1,"minecraft:oak_sapling":4,"minecraft:dark_oak_fence":26,"minecraft:charcoal":12,"minecraft:crafting_table":13,"minecraft:ominous_bottle":2,"minecraft:gold_block":1,"minecraft:flint_and_steel":1,"minecraft:beef":24,"minecraft:poppy":4,"minecraft:spruce_slab":3,"minecraft:minecart":3,"minecraft:sugar_cane":65,"minecraft:chest":6,"minecraft:birch_sapling":17,"minecraft:spruce_trapdoor":1,"minecraft:raw_iron":143,"minecraft:polished_deepslate_slab":1,"minecraft:spruce_fence":1,"minecraft:carrot":204,"minecraft:redstone":4,"minecraft:arrow":13,"minecraft:beetroot_seeds":11,"minecraft:peony":2,"minecraft:hay_block":47,"minecraft:tuff_bricks":10,"minecraft:mutton":32,"minecraft:white_wool":27,"minecraft:rail":109,"minecraft:birch_leaves":4,"minecraft:glow_ink_sac":19,"minecraft:leather":21,"minecraft:birch_planks":8,"minecraft:oak_log":12,"minecraft:waxed_copper_block":5,"minecraft:yellow_bed":2,"minecraft:golden_boots":1,"minecraft:gunpowder":3,"minecraft:white_banner":3,"minecraft:cooked_mutton":5,"minecraft:apple":1,"minecraft:iron_ingot":2,"minecraft:stone_pickaxe":1,"minecraft:dandelion":18,"minecraft:gravel":7,"minecraft:blast_furnace":14,"minecraft:white_bed":11,"minecraft:spruce_log":115,"minecraft:crying_obsidian":2,"minecraft:spider_eye":4,"minecraft:stone_axe":1,"minecraft:diamond_axe":1,"minecraft:black_wool":2,"minecraft:coal":220},"minecraft:killed":{"minecraft:cave_spider":2,"minecraft:witch":1,"minecraft:spider":9,"minecraft:skeleton":16,"minecraft:pig":32,"minecraft:zombie_villager":2,"minecraft:creeper":2,"minecraft:sheep":27,"minecraft:trader_llama":2,"minecraft:pillager":11,"minecraft:zombie":33,"minecraft:cow":26},"minecraft:broken":{"minecraft:iron_shovel":1,"minecraft:shield":1},"minecraft:mined":{"minecraft:spruce_planks":1,"minecraft:white_bed":10,"minecraft:farmland":15,"minecraft:cherry_log":21,"minecraft:brewing_stand":2,"minecraft:obsidian":10,"minecraft:spruce_trapdoor":1,"minecraft:granite":2,"minecraft:grass_block":211,"minecraft:chiseled_tuff_bricks":1,"minecraft:composter":8,"minecraft:tuff_bricks":10,"minecraft:spawner":1,"minecraft:fire":57,"minecraft:iron_ore":49,"minecraft:cobbled_deepslate":138,"minecraft:deepslate_lapis_ore":16,"minecraft:polished_deepslate_slab":1,"minecraft:water_cauldron":5,"minecraft:spruce_slab":3,"minecraft:polished_deepslate_stairs":22,"minecraft:smoker":5,"minecraft:powder_snow":4,"minecraft:torch":13,"minecraft:blast_furnace":14,"minecraft:poppy":2,"minecraft:chest":4,"minecraft:cobblestone":6,"minecraft:grindstone":6,"minecraft:sugar_cane":46,"minecraft:wall_torch":18,"minecraft:cauldron":3,"minecraft:birch_sapling":1,"minecraft:pink_petals":1,"minecraft:seagrass":1,"minecraft:wheat":14,"minecraft:birch_log":45,"minecraft:waxed_copper_block":5,"minecraft:oak_log":6,"minecraft:beetroots":5,"minecraft:waxed_oxidized_copper":1,"minecraft:sand":73,"minecraft:dirt":215,"minecraft:stonecutter":3,"minecraft:oak_leaves":6,"minecraft:deepslate":348,"minecraft:crying_obsidian":2,"minecraft:tuff":2,"minecraft:deepslate_diamond_ore":89,"minecraft:glow_lichen":2,"minecraft:dark_oak_fence":13,"minecraft:spruce_fence":1,"minecraft:spruce_leaves":2,"minecraft:large_fern":2,"minecraft:hay_block":47,"minecraft:furnace":10,"minecraft:carrots":59,"minecraft:andesite":7,"minecraft:gold_block":1,"minecraft:peony":2,"minecraft:big_dripleaf_stem":1,"minecraft:polished_deepslate":17,"minecraft:potatoes":35,"minecraft:deepslate_iron_ore":94,"minecraft:rail":92,"minecraft:stone":326,"minecraft:smithing_table":2,"minecraft:lily_of_the_valley":1,"minecraft:dandelion":15,"minecraft:crafting_table":12,"minecraft:short_grass":133,"minecraft:lectern":1,"minecraft:tall_grass":56,"minecraft:deepslate_gold_ore":55,"minecraft:ice":1,"minecraft:spruce_log":76,"minecraft:birch_leaves":16,"minecraft:yellow_bed":2,"minecraft:white_wall_banner":1,"minecraft:coal_ore":103,"minecraft:gravel":8,"minecraft:cobweb":7},"minecraft:crafted":{"minecraft:smooth_stone":5,"minecraft:oak_planks":48,"minecraft:cherry_slab":12,"minecraft:stone":5,"minecraft:bookshelf":1,"minecraft:cooked_mutton":31,"minecraft:glass":32,"minecraft:iron_boots":1,"minecraft:chest":8,"minecraft:smoker":1,"minecraft:cooked_porkchop":55,"minecraft:diamond_axe":1,"minecraft:crafting_table":1,"minecraft:spruce_planks":132,"minecraft:wooden_pickaxe":1,"minecraft:iron_helmet":1,"minecraft:birch_planks":48,"minecraft:spruce_trapdoor":2,"minecraft:lectern":1,"minecraft:iron_chestplate":1,"minecraft:book":4,"minecraft:paper":12,"minecraft:diamond_pickaxe":2,"minecraft:charcoal":17,"minecraft:shield":2,"minecraft:stick":64,"minecraft:iron_ingot":142,"minecraft:iron_pickaxe":1,"minecraft:stone_sword":1,"minecraft:gold_ingot":61,"minecraft:spruce_fence_gate":1,"minecraft:golden_carrot":16,"minecraft:cherry_planks":16,"minecraft:polished_deepslate_stairs":21,"minecraft:furnace":2,"minecraft:blast_furnace":1,"minecraft:spruce_fence":6,"minecraft:glass_pane":16,"minecraft:flint_and_steel":1,"minecraft:iron_hoe":1,"minecraft:spruce_slab":6,"minecraft:stone_pickaxe":3,"minecraft:spruce_boat":1,"minecraft:minecart":1,"minecraft:wheat":135,"minecraft:cooked_beef":23,"minecraft:spruce_sign":3,"minecraft:enchanting_table":1,"minecraft:iron_sword":1,"minecraft:bucket":1,"minecraft:stone_axe":1,"minecraft:bread":45,"minecraft:air":0,"minecraft:gold_nugget":135,"minecraft:iron_shovel":2,"minecraft:iron_leggings":1,"minecraft:white_bed":1,"minecraft:torch":120}},"DataVersion":3953}