{
  "minecraft:recipes/food/cake": {
    "criteria": {
      "has_egg": "2024-07-08 21:45:50 -0600"
    },
    "done": true
  },
  "minecraft:recipes/decorations/crafting_table": {
    "criteria": {
      "unlock_right_away": "2024-07-08 21:43:21 -0600"
    },
    "done": true
  },
  "minecraft:adventure/adventuring_time": {
    "criteria": {
      "minecraft:old_growth_birch_forest": "2024-07-08 21:44:31 -0600",
      "minecraft:forest": "2024-07-08 21:44:32 -0600",
      "minecraft:birch_forest": "2024-07-08 21:43:22 -0600"
    },
    "done": false
  },
  "DataVersion": 3953
}